Date, Investment, Amount, GBP, Exchange Rate, Comment
3/1/2021,Bramble Fund I," $ (40,000.00) ",,,Wire out
3/1/2022,Bramble Fund I," $ (32,182.00) ",,,Capital call two
6/30/2024,Bramble Fund I," $ 12,345.67 ",,,Distribution
10/25/2023,Tanager Direct," $ (24,998.50) ",,,"Wire, rounded by bank"
5/1/2022,VoLo Earth," $ (25,000.00) ",,,Angellist
5/1/2022,VoLo Earth," $ (25,000.00) ",,,Angellist
2/6/0206,VoLo Earth," $ (25,000.00) ",,,Typo year
8/1/2023,Meridian Notes," $ (5,000.00) ",,,"Direct wire, no docs on file"
9/1/2023,Meridian Notes,,"-£15,200.00",1.3,Sterling wire
